{
    "mean": [
        15.09942113364117,
        75.97709295322224,
        10.583683329987286,
        1011.2717519908988,
        0.07796894867161883,
        47.13612393762966,
        176.7223984474336,
        14.859582413170045,
        119.6522920430971,
        16.1287552700261,
        2.2069711947800113e-05,
        2.8761808581637543e-05,
        0.26410524068697816,
        0.9526377643622597,
        -0.0031407566787920818,
        -0.0014022504900275071
    ],
    "std": [
        7.503825559540528,
        13.63850520347658,
        6.544005350515805,
        6.548098593833623,
        0.32116869756836364,
        39.37406278310907,
        253.87939413477312,
        7.623143203107704,
        102.07104939829917,
        8.595808558643688,
        0.7071067808421332,
        0.7071115126443432,
        0.14494416963437395,
        0.04148555835464154,
        0.7060082131140865,
        0.7082000172400086
    ],
    "input_cols": [
        "temperature_2m",
        "relative_humidity_2m",
        "dew_point_2m",
        "surface_pressure",
        "precipitation",
        "cloud_cover",
        "shortwave_radiation",
        "wind_speed_10m",
        "wind_direction_10m",
        "soil_temperature_0_to_7cm",
        "hour_sin",
        "hour_cos",
        "day_sin",
        "day_cos",
        "month_sin",
        "month_cos"
    ]
}